{"name":"Ivan Beltrame","short_name":"Ivan Beltrame","start_url":"/?pwa=twa","id":".","scope":"/","theme_color":"#0d6efd","background_color":"#fff","orientation":"any","display":"standalone","dir":"ltr","lang":"it","categories":["utilities","games"],"description":"Il mio sito personale dove puoi trovare qualche fatto su di me, vedere i miei certificati e navigare sui miei siti","icons":[{"src":"/img/touch/icon48.png","sizes":"48x48","type":"image/png"},{"src":"/img/touch/icon72.png","sizes":"72x72","type":"image/png"},{"src":"/img/touch/icon96.png","sizes":"96x96","type":"image/png"},{"src":"/img/touch/icon144.png","sizes":"144x144","type":"image/png"},{"src":"/img/touch/icon168.png","sizes":"168x168","type":"image/png"},{"src":"/img/touch/icon192.png","sizes":"192x192","type":"image/png"},{"src":"/img/touch/icon512.png","sizes":"512x512","type":"image/png","purpose":"maskable"},{"src":"/img/touch/icon512.png","sizes":"512x512","type":"image/png","purpose":"any"}],"display_override":["window-controls-overlay","standalone","minimal-ui","browser"],"shortcuts":[{"name":"Certificati","url":"/certificati?pwa=twa-certificati","description":""},{"name":"Progetti","url":"/progetti?pwa=twa-progetti","description":""},{"name":"Contatti","url":"/contatti?pwa=twa-contatti","description":""}],"launch_handler":{"client_mode":["navigate-existing","auto"]},"screenshots":[{"src":"screenshots/home-mobile.jpg","sizes":"1080x2400","type":"image/jpeg","form_factor":"narrow","label":"Home visitata da un telefono"},{"src":"screenshots/progetti-mobile.jpg","sizes":"1080x2400","type":"image/jpeg","form_factor":"narrow","label":"Pagina dei progetti visitata da un telefono"},{"src":"screenshots/certificati-mobile.jpg","sizes":"1080x2400","type":"image/jpeg","form_factor":"narrow","label":"Pagina dei certificati visitata da un telefono"},{"src":"screenshots/contatti-mobile.jpg","sizes":"1080x2400","type":"image/jpeg","form_factor":"narrow","label":"Pagina dei contatti visitata da un telefono"}],"scope_extensions":[{"origin":"*.ivanbeltrame.com"}]}